<?xml version="1.0" encoding="UTF-8"?>
<jcr:root xmlns:sling="http://sling.apache.org/jcr/sling/1.0" xmlns:jcr="http://www.jcp.org/jcr/1.0" xmlns:nt="http://www.jcp.org/jcr/nt/1.0"
    jcr:primaryType="sling:OrderedFolder">
    <banner.jpg/>
    <hero_desktop.png/>
    <tablet_hero_desktop.png/>
    <logo/>
    <jcr:content
        jcr:primaryType="nt:unstructured"
        jcr:title="WeTelco Sites">
        <folderThumbnail/>
    </jcr:content>
    <asset.jpg/>
    <Mobile/>
    <Tablet/>
    <weTelco.png/>
</jcr:root>
