<?xml version="1.0" encoding="UTF-8"?>
<jcr:root xmlns:sling="http://sling.apache.org/jcr/sling/1.0" xmlns:cq="http://www.day.com/jcr/cq/1.0" xmlns:jcr="http://www.jcp.org/jcr/1.0" xmlns:nt="http://www.jcp.org/jcr/nt/1.0"
    jcr:primaryType="cq:Page">
    <jcr:content
        cq:designPath="/etc/designs/screens"
        cq:lastModified="{Date}2016-02-03T19:34:37.887+11:00"
        cq:lastModifiedBy="admin"
        cq:template="/libs/screens/core/templates/locationfolder"
        jcr:primaryType="cq:PageContent"
        jcr:title="Australia - New South Wales"
        sling:resourceType="screens/core/components/locationfolder">
        <image jcr:primaryType="nt:unstructured">
            <file/>
        </image>
    </jcr:content>
    <metro-sydney-201Sussex/>
    <metro-sydney-821mcintosh/>
    <metro-sydney-305church/>
    <metro-sydney-134pitt/>
    <metro-sydney-300george/>
</jcr:root>
