<?xml version="1.0" encoding="UTF-8"?>
<jcr:root xmlns:sling="http://sling.apache.org/jcr/sling/1.0" xmlns:cq="http://www.day.com/jcr/cq/1.0" xmlns:jcr="http://www.jcp.org/jcr/1.0" xmlns:nt="http://www.jcp.org/jcr/nt/1.0"
    jcr:primaryType="cq:Page">
    <jcr:content
        cq:doctype="html_5"
        cq:lastModified="{Date}2016-02-21T14:03:29.584+11:00"
        cq:lastModifiedBy="admin"
        jcr:primaryType="nt:unstructured"
        jcr:title="Geometrixx In-Store Design"
        sling:resourceType="wcm/core/components/designer">
        <channel jcr:primaryType="nt:unstructured">
            <par
                jcr:primaryType="nt:unstructured"
                sling:resourceType="screens/core/components/channel/sequence"
                components="[/apps/we-retail-instore/components/content/video-teaser,/apps/we-retail-instore/components/content/page-teaser,group:Screens]">
                <section jcr:primaryType="nt:unstructured"/>
                <cq:authoring jcr:primaryType="nt:unstructured">
                    <assetToComponentMapping jcr:primaryType="nt:unstructured">
                        <image
                            jcr:primaryType="nt:unstructured"
                            assetGroup="media"
                            assetMimetype="image/*"
                            droptarget="image"
                            resourceType="screens/core/components/content/image"
                            type="Images"/>
                        <video
                            jcr:primaryType="nt:unstructured"
                            assetGroup="media"
                            assetMimetype="video/*"
                            droptarget="video"
                            resourceType="we-retail-instore/components/content/video-teaser"
                            type="Images"/>
                        <page
                            jcr:primaryType="nt:unstructured"
                            assetGroup="pages"
                            assetMimetype=".*"
                            droptarget="page"
                            resourceType="we-retail-instore/components/content/page-teaser"
                            type="Pages"/>
                    </assetToComponentMapping>
                </cq:authoring>
                <video
                    jcr:lastModified="{Date}2015-08-27T11:16:40.447+02:00"
                    jcr:lastModifiedBy="admin"
                    jcr:primaryType="nt:unstructured"
                    flashPlayer="flvfallback"
                    loop="{Boolean}false"
                    noControls="{Boolean}true"
                    preload="auto"
                    profiles="[hq,iehq,flv]"
                    wmode="opaque"/>
            </par>
        </channel>
        <page
            jcr:primaryType="nt:unstructured"
            aspectRatio="16x10"
            columns="1"
            rows="1">
            <content
                jcr:lastModified="{Date}2013-01-14T12:40:00.741+01:00"
                jcr:lastModifiedBy="admin"
                jcr:primaryType="nt:unstructured"
                sling:resourceType="screens/core/components/content/tile"
                components="[group:Screens]">
                <cq:authoring jcr:primaryType="nt:unstructured">
                    <assetToComponentMapping jcr:primaryType="nt:unstructured">
                        <image
                            jcr:primaryType="nt:unstructured"
                            assetGroup="media"
                            assetMimetype="image/*"
                            droptarget="image"
                            resourceType="screens/core/components/content/image"
                            type="Images"/>
                        <video
                            jcr:primaryType="nt:unstructured"
                            assetGroup="media"
                            assetMimetype="video/*"
                            droptarget="video"
                            resourceType="screens/core/components/content/video"
                            type="Images"/>
                        <page
                            jcr:primaryType="nt:unstructured"
                            assetGroup="pages"
                            assetMimetype=".*"
                            droptarget="page"
                            resourceType="screens/core/components/content/iframe"
                            type="Pages"/>
                    </assetToComponentMapping>
                </cq:authoring>
            </content>
        </page>
        <display jcr:primaryType="nt:unstructured">
            <tile1 jcr:primaryType="nt:unstructured">
                <video
                    jcr:lastModified="{Date}2015-05-29T10:05:57.587+02:00"
                    jcr:lastModifiedBy="admin"
                    jcr:primaryType="nt:unstructured"
                    flashPlayer="flvfallback"
                    profiles="hq"
                    wmode="opaque"/>
            </tile1>
            <tile0 jcr:primaryType="nt:unstructured">
                <video
                    jcr:lastModified="{Date}2015-05-29T10:53:31.564+02:00"
                    jcr:lastModifiedBy="admin"
                    jcr:primaryType="nt:unstructured"
                    autoplay="{Boolean}true"
                    flashPlayer="flvfallback"
                    profiles="hq"
                    wmode="opaque"/>
            </tile0>
        </display>
        <teaser-page jcr:primaryType="nt:unstructured">
            <par
                jcr:lastModified="{Date}2016-02-21T14:03:29.582+11:00"
                jcr:lastModifiedBy="admin"
                jcr:primaryType="nt:unstructured"
                sling:resourceType="wetelco-screens/components/content/image-parsys"
                components="[/apps/wetelco-screens/components/content/text,/apps/wetelco-screens/components/content/title]">
                <section jcr:primaryType="nt:unstructured"/>
            </par>
        </teaser-page>
        <lookbook jcr:primaryType="nt:unstructured">
            <par
                jcr:primaryType="nt:unstructured"
                components="[/libs/wcm/foundation/components/list]">
                <section jcr:primaryType="nt:unstructured"/>
            </par>
        </lookbook>
        <lookbook-category jcr:primaryType="nt:unstructured">
            <par
                jcr:primaryType="nt:unstructured"
                components="[/apps/we-retail-instore/components/lookbook/content/lookbook-sheet-list]">
                <section jcr:primaryType="nt:unstructured"/>
            </par>
        </lookbook-category>
        <lookbook-sheet jcr:primaryType="nt:unstructured">
            <par
                jcr:primaryType="nt:unstructured"
                components="[/apps/we-retail-instore/components/content/title,/apps/we-retail-instore/components/content/text]">
                <section jcr:primaryType="nt:unstructured"/>
            </par>
        </lookbook-sheet>
        <sequencechannel jcr:primaryType="nt:unstructured">
            <par jcr:primaryType="nt:unstructured">
                <video
                    jcr:lastModified="{Date}2015-08-27T11:16:40.447+02:00"
                    jcr:lastModifiedBy="admin"
                    jcr:primaryType="nt:unstructured"
                    flashPlayer="flvfallback"
                    loop="{Boolean}false"
                    noControls="{Boolean}true"
                    preload="auto"
                    profiles="[hq,iehq,flv]"
                    wmode="opaque"/>
            </par>
        </sequencechannel>
    </jcr:content>
    <ProximaNova-Black.otf/>
    <ProximaNova-Bold.otf/>
    <ProximaNova-Regular.otf/>
    <static.css/>
</jcr:root>
