<?xml version="1.0" encoding="UTF-8"?>
<jcr:root xmlns:sling="http://sling.apache.org/jcr/sling/1.0" xmlns:cq="http://www.day.com/jcr/cq/1.0" xmlns:jcr="http://www.jcp.org/jcr/1.0" xmlns:nt="http://www.jcp.org/jcr/nt/1.0"
    jcr:primaryType="cq:Page">
    <jcr:content
        cq:allowedTemplates="[/apps/weTelco/weTelco/templates/.*]"
        cq:commerceProvider="wetelco"
        cq:designPath="/etc/designs/phonegap/weTelco/weTelco"
        cq:lastModified="{Date}2014-01-06T16:29:05.241-05:00"
        cq:lastModifiedBy="admin"
        cq:template="/apps/weTelco/weTelco/templates/ng-ionic-page"
        jcr:primaryType="cq:PageContent"
        jcr:title="WeTelco AEM Mobile Template Pages"
        sling:resourceType="weTelco/weTelco/components/splash-page"
        pge-type="[app-content]"
        phonegap-exportTemplate="/content/phonegap/weTelco/en/jcr:content/pge-app/app-config">
        <pge-app jcr:primaryType="nt:unstructured">
            <app-config/>
            <app-config-dev/>
        </pge-app>
    </jcr:content>
    <catalog-page-template/>
    <section-page-template/>
    <product-page-template/>
    <article-page-template/>
</jcr:root>
