<?xml version="1.0" encoding="UTF-8"?>
<jcr:root xmlns:sling="http://sling.apache.org/jcr/sling/1.0" xmlns:cq="http://www.day.com/jcr/cq/1.0" xmlns:jcr="http://www.jcp.org/jcr/1.0" xmlns:nt="http://www.jcp.org/jcr/nt/1.0"
    jcr:primaryType="cq:Page">
    <jcr:content
        cq:lastModified="{Date}2013-02-19T15:19:15.764Z"
        cq:lastModifiedBy="admin"
        cq:template="/apps/geometrixx-instore/templates/page_sidebar"
        jcr:primaryType="cq:PageContent"
        jcr:title="Section Page Template"
        sling:resourceType="geometrixx-instore/components/page_section">
        <par jcr:primaryType="nt:unstructured">
            <banner jcr:primaryType="nt:unstructured"/>
        </par>
        <callouts jcr:primaryType="nt:unstructured">
            <callout1 jcr:primaryType="nt:unstructured"/>
            <callout2 jcr:primaryType="nt:unstructured"/>
            <callout3 jcr:primaryType="nt:unstructured"/>
            <callout4 jcr:primaryType="nt:unstructured"/>
            <callout5 jcr:primaryType="nt:unstructured"/>
        </callouts>
    </jcr:content>
</jcr:root>
