<?xml version="1.0" encoding="UTF-8"?>
<jcr:root xmlns:sling="http://sling.apache.org/jcr/sling/1.0" xmlns:cq="http://www.day.com/jcr/cq/1.0" xmlns:jcr="http://www.jcp.org/jcr/1.0"
    jcr:primaryType="cq:Page">
    <jcr:content
        cq:designPath="/etc/designs/screens"
        cq:lastModified="{Date}2016-01-26T15:11:53.977+08:00"
        cq:lastModifiedBy="admin"
        cq:template="/libs/screens/core/templates/locationfolder"
        jcr:primaryType="cq:PageContent"
        jcr:title="Locations"
        sling:resourceType="screens/core/components/locationfolder"/>
    <aus-nsw/>
    <aus-vic/>
    <aus-qld/>
    <newzealand/>
    <singapore/>
    <korea/>
    <hongkong/>
    <malaysia/>
    <india-north/>
    <india-south/>
</jcr:root>
