<?xml version="1.0" encoding="UTF-8"?>
<jcr:root xmlns:sling="http://sling.apache.org/jcr/sling/1.0" xmlns:cq="http://www.day.com/jcr/cq/1.0" xmlns:jcr="http://www.jcp.org/jcr/1.0" xmlns:mix="http://www.jcp.org/jcr/mix/1.0" xmlns:nt="http://www.jcp.org/jcr/nt/1.0"
    jcr:primaryType="cq:Page">
    <jcr:content
        cq:cloudserviceconfigs="[[]]"
        cq:lastModified="{Date}2016-01-27T06:18:21.669+11:00"
        cq:lastModifiedBy="admin"
        cq:template="/libs/commerce/templates/section"
        jcr:description="[,]"
        jcr:isCheckedOut="{Boolean}true"
        jcr:mixinTypes="[mix:versionable]"
        jcr:primaryType="cq:PageContent"
        jcr:title="[Tablets,Tablets]"
        jcr:uuid="c77a640e-58ec-4c52-8117-d5f3b6186530"
        sling:resourceType="commerce/components/section">
        <target
            jcr:primaryType="nt:unstructured"
            jcr_title="Tablets">
            <par jcr:primaryType="nt:unstructured">
                <banner
                    jcr:primaryType="nt:unstructured"
                    fileReference="/content/dam/geometrixx-outdoors/banners/cool-and-stylish.jpg"/>
            </par>
        </target>
        <templates jcr:primaryType="nt:unstructured"/>
        <filter jcr:primaryType="nt:unstructured"/>
    </jcr:content>
    <tablets-on-a-plan/>
    <prepaid-tablets/>
</jcr:root>
