<?xml version="1.0" encoding="UTF-8"?>
<jcr:root xmlns:sling="http://sling.apache.org/jcr/sling/1.0" xmlns:cq="http://www.day.com/jcr/cq/1.0" xmlns:jcr="http://www.jcp.org/jcr/1.0" xmlns:mix="http://www.jcp.org/jcr/mix/1.0" xmlns:nt="http://www.jcp.org/jcr/nt/1.0"
    jcr:primaryType="cq:Page">
    <jcr:content
        cq:lastModified="{Date}2016-01-23T04:38:19.566+11:00"
        cq:lastModifiedBy="admin"
        cq:template="/libs/commerce/templates/section"
        jcr:isCheckedOut="{Boolean}true"
        jcr:mixinTypes="[mix:versionable]"
        jcr:primaryType="cq:PageContent"
        jcr:title="Men's"
        jcr:uuid="a858b513-f8ee-4aa5-b061-5d19be65da90"
        sling:resourceType="commerce/components/section">
        <target
            jcr:primaryType="nt:unstructured"
            jcr_title="Men's">
            <par jcr:primaryType="nt:unstructured">
                <banner
                    jcr:primaryType="nt:unstructured"
                    fileReference="/content/dam/geometrixx-outdoors/banners/keep-your-cool.jpg"/>
            </par>
        </target>
    </jcr:content>
    <coats/>
    <pants/>
    <shirts/>
    <shorts/>
</jcr:root>
