<?xml version="1.0" encoding="UTF-8"?>
<jcr:root xmlns:sling="http://sling.apache.org/jcr/sling/1.0" xmlns:cq="http://www.day.com/jcr/cq/1.0" xmlns:jcr="http://www.jcp.org/jcr/1.0" xmlns:nt="http://www.jcp.org/jcr/nt/1.0"
    jcr:primaryType="nt:unstructured"
    jcr:title="Product Navigation"
    sling:resourceType="cq/gui/components/authoring/dialog">
    <content
        jcr:primaryType="nt:unstructured"
        sling:resourceType="granite/ui/components/foundation/container">
        <layout
            jcr:primaryType="nt:unstructured"
            sling:resourceType="granite/ui/components/foundation/layouts/fixedcolumns"
            margin="{Boolean}false"/>
        <items jcr:primaryType="nt:unstructured">
            <column
                jcr:primaryType="nt:unstructured"
                sling:resourceType="granite/ui/components/foundation/container">
                <items jcr:primaryType="nt:unstructured">
                    <listFrom
                        jcr:primaryType="nt:unstructured"
                        sling:resourceType="granite/ui/components/foundation/form/select"
                        class="cq-dialog-dropdown-showhide"
                        cq-dialog-dropdown-showhide-target=".list-option-listfrom-showhide-target"
                        fieldLabel="Build list using"
                        name="./listFrom">
                        <items jcr:primaryType="nt:unstructured">
                            <collection
                                jcr:primaryType="nt:unstructured"
                                sling:orderBefore="children"
                                text="Collection"
                                value="collection"/>
                        </items>
                    </listFrom>
                    <setCollection
                        jcr:primaryType="nt:unstructured"
                        sling:orderBefore="setChildren"
                        sling:resourceType="granite/ui/components/foundation/container"
                        class="hide list-option-listfrom-showhide-target foundation-layout-util-vmargin"
                        showhidetargetvalue="collection">
                        <items jcr:primaryType="nt:unstructured">
                            <heading
                                jcr:primaryType="nt:unstructured"
                                sling:resourceType="granite/ui/components/foundation/heading"
                                class="coral-Heading coral-Heading--4"
                                level="{Long}4"
                                text="Options for Collection"/>
                            <well
                                jcr:primaryType="nt:unstructured"
                                sling:resourceType="granite/ui/components/foundation/container">
                                <layout
                                    jcr:primaryType="nt:unstructured"
                                    sling:resourceType="granite/ui/components/foundation/layouts/well"/>
                                <items jcr:primaryType="nt:unstructured">
                                    <collection
                                        jcr:primaryType="nt:unstructured"
                                        sling:resourceType="commerce/gui/components/common/collectionpicker"
                                        fieldDescription="Select the Collection"
                                        fieldLabel="Collection"
                                        name="./collectionPath"/>
                                </items>
                            </well>
                        </items>
                    </setCollection>
                </items>
            </column>
        </items>
    </content>
</jcr:root>
