<?xml version="1.0" encoding="UTF-8"?>
<jcr:root xmlns:cq="http://www.day.com/jcr/cq/1.0" xmlns:jcr="http://www.jcp.org/jcr/1.0" xmlns:nt="http://www.jcp.org/jcr/nt/1.0"
    jcr:primaryType="cq:Dialog"
    width="{Long}800"
    xtype="dialog">
    <items jcr:primaryType="cq:WidgetCollection">
        <tabs
            jcr:primaryType="cq:TabPanel"
            xtype="tabpanel">
            <items jcr:primaryType="cq:WidgetCollection">
                <first
                    jcr:primaryType="nt:unstructured"
                    title="Product Data"
                    xtype="panel">
                    <items jcr:primaryType="cq:WidgetCollection">
                        <productData
                            jcr:primaryType="cq:Widget"
                            fieldLabel="Product data location"
                            name="./productData"
                            predicate="nosystem"
                            rootPath="/etc/commerce/products"
                            rootTitle="Products"
                            xtype="pathfield"/>
                        <buildVariations
                            jcr:primaryType="cq:Widget"
                            boxMaxWidth="100"
                            handler="function(button) {                         var log = CQ.Ext.getCmp('cq-buildproduct-log');                         var dialog = button.findParentByType('dialog');                         var dataField = dialog.find('name', './productData')[0];                         CQ.commerce.Edit.buildProduct(dataField.getValue(), dialog.form.url, log);                     }"
                            style="padding-top:10px"
                            text="Build Product"
                            tooltip="Builds product to include all variations found in product data."
                            xtype="button"/>
                        <buildLog
                            jcr:primaryType="cq:Widget"
                            autoScroll="true"
                            height="190"
                            hidden="true"
                            id="cq-buildproduct-log"
                            style="padding-top:15px"
                            title="Build Log"
                            xtype="panel"/>
                    </items>
                </first>
                <second
                    jcr:primaryType="nt:unstructured"
                    title="Variation Picker"
                    xtype="panel">
                    <items jcr:primaryType="cq:WidgetCollection">
                        <variationAxis
                            jcr:primaryType="cq:Widget"
                            fieldDescription="Name of variation property, such as 'color'.  Size variations are automatically shown; leave blank if there are no variations other than 'size'."
                            fieldLabel="Variation property"
                            name="./variationAxis"
                            xtype="textfield"/>
                        <variationTitle
                            jcr:primaryType="cq:Widget"
                            fieldLabel="Variation picker label"
                            name="./variationTitle"
                            xtype="textfield"/>
                    </items>
                </second>
            </items>
        </tabs>
    </items>
</jcr:root>
