<?xml version="1.0" encoding="UTF-8"?>
<jcr:root xmlns:sling="http://sling.apache.org/jcr/sling/1.0" xmlns:jcr="http://www.jcp.org/jcr/1.0" xmlns:nt="http://www.jcp.org/jcr/nt/1.0"
    jcr:primaryType="sling:OrderedFolder">
    <jcr:content jcr:primaryType="nt:unstructured"/>
    <apple.jpg/>
    <galaxys6_black_v3.jpg/>
    <iphone6-select-2014_GEO_AU.jpg/>
    <iphone6s-select-2014_GEO_AU.jpg/>
    <samsung_logo_seo.jpg/>
    <samsung-galaxy_x0020_s_x0020_5-charcoal_x0020_black-450x350.png/>
    <galaxy-note5_gallery_with-spen_black_s3.png/>
    <samsung-galaxy-core-prime-1.jpg/>
    <iphone5s-selection-hero-2015.png/>
</jcr:root>
