<?xml version="1.0" encoding="UTF-8"?>
<jcr:root xmlns:sling="http://sling.apache.org/jcr/sling/1.0" xmlns:cq="http://www.day.com/jcr/cq/1.0" xmlns:jcr="http://www.jcp.org/jcr/1.0" xmlns:nt="http://www.jcp.org/jcr/nt/1.0"
    jcr:primaryType="cq:Page">
    <jcr:content
        cq:lastModified="{Date}2012-10-26T15:21:39.265-04:00"
        cq:lastModifiedBy="admin"
        jcr:primaryType="nt:unstructured"
        jcr:title="Geometrixx Unlimited Design"
        sling:resourceType="wcm/core/components/designer">
        <article jcr:primaryType="nt:unstructured">
            <articleParX
                jcr:lastModified="{Date}2012-05-16T15:15:37.786-04:00"
                jcr:lastModifiedBy="admin"
                jcr:primaryType="nt:unstructured"
                sling:resourceType="foundation/components/parsys"
                components="[group:General,group:Publishing]">
                <section jcr:primaryType="nt:unstructured"/>
            </articleParX>
            <par
                jcr:lastModified="{Date}2012-10-26T15:21:39.264-04:00"
                jcr:lastModifiedBy="admin"
                jcr:primaryType="nt:unstructured"
                sling:resourceType="foundation/components/parsys"
                components="[/libs/foundation/components/image,/libs/media/articles/components/article,group:Publishing]">
                <section jcr:primaryType="nt:unstructured"/>
            </par>
        </article>
        <adpage jcr:primaryType="nt:unstructured">
            <par
                jcr:lastModified="{Date}2012-05-17T15:17:40.581-04:00"
                jcr:lastModifiedBy="admin"
                jcr:primaryType="nt:unstructured"
                sling:resourceType="foundation/components/parsys"
                components="group:Publishing">
                <section jcr:primaryType="nt:unstructured"/>
            </par>
        </adpage>
    </jcr:content>
    <images/>
    <static.css/>
    <clientlibs-all/>
    <clientlibs/>
</jcr:root>
