<?xml version="1.0" encoding="UTF-8"?>
<jcr:root xmlns:sling="http://sling.apache.org/jcr/sling/1.0" xmlns:cq="http://www.day.com/jcr/cq/1.0" xmlns:jcr="http://www.jcp.org/jcr/1.0" xmlns:nt="http://www.jcp.org/jcr/nt/1.0"
    jcr:primaryType="cq:Page">
    <jcr:content
        cq:cloudserviceconfigs="[[]]"
        cq:designPath="/etc/designs/screens"
        cq:lastModified="{Date}2016-01-26T15:21:05.391+08:00"
        cq:lastModifiedBy="admin"
        cq:template="/libs/screens/core/templates/project"
        jcr:primaryType="cq:PageContent"
        jcr:title="weTelco"
        sling:resourceType="screens/core/components/project">
        <image jcr:primaryType="nt:unstructured">
            <file/>
        </image>
    </jcr:content>
    <apps/>
    <locations/>
    <channels/>
    <devices/>
</jcr:root>
