<?xml version="1.0" encoding="UTF-8"?>
<jcr:root xmlns:sling="http://sling.apache.org/jcr/sling/1.0" xmlns:cq="http://www.day.com/jcr/cq/1.0" xmlns:jcr="http://www.jcp.org/jcr/1.0" xmlns:mix="http://www.jcp.org/jcr/mix/1.0" xmlns:nt="http://www.jcp.org/jcr/nt/1.0"
    jcr:primaryType="cq:Page">
    <jcr:content
        cq:lastModified="{Date}2016-01-23T04:38:18.363+11:00"
        cq:lastModifiedBy="admin"
        cq:template="/libs/commerce/templates/section"
        jcr:isCheckedOut="{Boolean}true"
        jcr:mixinTypes="[mix:versionable]"
        jcr:primaryType="cq:PageContent"
        jcr:title="Men's"
        jcr:uuid="fd0f0d46-7480-4648-95e7-e22d1149c973"
        sling:resourceType="commerce/components/section">
        <target
            jcr:primaryType="nt:unstructured"
            coverImage="/content/dam/geometrixx-instore/cover-images/mens.jpg"
            jcr_title="Men's">
            <par
                jcr:primaryType="nt:unstructured"
                sling:resourceType="foundation/components/parsys">
                <banner
                    jcr:primaryType="nt:unstructured"
                    fileReference="/content/dam/geometrixx-outdoors/banners/keep-your-cool.jpg"/>
            </par>
            <callouts
                jcr:primaryType="nt:unstructured"
                sling:resourceType="foundation/components/parsys">
                <callout1
                    jcr:primaryType="nt:unstructured"
                    buttonPosition="[30.0,45.0]"
                    position="[34.0,42.0]"
                    product="/content/screens/geometrixx/apps/virtual-showroom/en/men/pants/fulani-nomad"/>
                <callout2
                    jcr:primaryType="nt:unstructured"
                    buttonPosition="[28.0,25.0]"
                    position="[32.0,21.0]"
                    product="/content/screens/geometrixx/apps/virtual-showroom/en/men/shirts/bambara-cargo"/>
            </callouts>
        </target>
    </jcr:content>
    <coats/>
    <pants/>
    <shirts/>
    <shorts/>
</jcr:root>
