<?xml version="1.0" encoding="UTF-8"?>
<jcr:root xmlns:sling="http://sling.apache.org/jcr/sling/1.0" xmlns:cq="http://www.day.com/jcr/cq/1.0" xmlns:jcr="http://www.jcp.org/jcr/1.0" xmlns:nt="http://www.jcp.org/jcr/nt/1.0"
    jcr:primaryType="cq:Page">
    <jcr:content
        cq:lastModified="{Date}2016-01-24T06:42:31.418+11:00"
        cq:lastModifiedBy="admin"
        jcr:primaryType="nt:unstructured"
        jcr:title="Personal"
        sling:resourceType="wetelco-sites/components/structure/landingpage"
        pageTitle="Personal">
        <par
            jcr:primaryType="nt:unstructured"
            sling:resourceType="foundation/components/parsys">
            <columnctrl_1920723139
                jcr:created="{Date}2016-01-24T06:27:43.881+11:00"
                jcr:createdBy="admin"
                jcr:lastModified="{Date}2016-01-24T06:28:30.791+11:00"
                jcr:lastModifiedBy="admin"
                jcr:primaryType="nt:unstructured"
                sling:resourceType="wetelco-sites/components/content/columnctrl"
                columns="12">
                <par_0
                    jcr:primaryType="nt:unstructured"
                    sling:resourceType="foundation/components/parsys">
                    <textimage
                        jcr:created="{Date}2016-01-24T06:42:23.149+11:00"
                        jcr:createdBy="admin"
                        jcr:lastModified="{Date}2016-01-24T06:42:23.149+11:00"
                        jcr:lastModifiedBy="admin"
                        jcr:primaryType="nt:unstructured"
                        sling:resourceType="wetelco-sites/components/content/textimage"/>
                </par_0>
            </columnctrl_1920723139>
            <columnctrl
                jcr:created="{Date}2016-01-17T15:57:29.479+11:00"
                jcr:createdBy="admin"
                jcr:lastModified="{Date}2016-01-24T05:59:32.644+11:00"
                jcr:lastModifiedBy="admin"
                jcr:primaryType="nt:unstructured"
                sling:resourceType="wetelco-sites/components/content/columnctrl"
                columns="[4,4,4]">
                <par_0
                    jcr:primaryType="nt:unstructured"
                    sling:resourceType="foundation/components/parsys">
                    <textimage
                        jcr:created="{Date}2016-01-24T06:42:26.006+11:00"
                        jcr:createdBy="admin"
                        jcr:lastModified="{Date}2016-01-24T06:42:26.006+11:00"
                        jcr:lastModifiedBy="admin"
                        jcr:primaryType="nt:unstructured"
                        sling:resourceType="wetelco-sites/components/content/textimage"/>
                </par_0>
                <par_1
                    jcr:primaryType="nt:unstructured"
                    sling:resourceType="foundation/components/parsys">
                    <textimage
                        jcr:created="{Date}2016-01-24T06:42:28.963+11:00"
                        jcr:createdBy="admin"
                        jcr:lastModified="{Date}2016-01-24T06:42:28.963+11:00"
                        jcr:lastModifiedBy="admin"
                        jcr:primaryType="nt:unstructured"
                        sling:resourceType="wetelco-sites/components/content/textimage"/>
                </par_1>
                <par_2
                    jcr:primaryType="nt:unstructured"
                    sling:resourceType="foundation/components/parsys">
                    <textimage
                        jcr:created="{Date}2016-01-24T06:42:31.416+11:00"
                        jcr:createdBy="admin"
                        jcr:lastModified="{Date}2016-01-24T06:42:31.416+11:00"
                        jcr:lastModifiedBy="admin"
                        jcr:primaryType="nt:unstructured"
                        sling:resourceType="wetelco-sites/components/content/textimage"/>
                </par_2>
            </columnctrl>
        </par>
    </jcr:content>
</jcr:root>
